/*
 Navicat Premium Data Transfer

 Source Server         : localhost
 Source Server Type    : MySQL
 Source Server Version : 80020
 Source Host           : localhost:3306
 Source Schema         : im

 Target Server Type    : MySQL
 Target Server Version : 80020
 File Encoding         : 65001

 Date: 15/10/2020 11:33:08
*/

SET NAMES utf8mb4;
SET FOREIGN_KEY_CHECKS = 0;

-- ----------------------------
-- Table structure for oauth_client_details
-- ----------------------------
DROP TABLE IF EXISTS `oauth_client_details`;
CREATE TABLE `oauth_client_details` (
  `client_id` varchar(128) NOT NULL,
  `resource_ids` varchar(256) DEFAULT NULL,
  `client_secret` varchar(256) DEFAULT NULL,
  `scope` varchar(256) DEFAULT NULL,
  `authorized_grant_types` varchar(256) DEFAULT NULL,
  `web_server_redirect_uri` varchar(256) DEFAULT NULL,
  `authorities` varchar(256) DEFAULT NULL,
  `access_token_validity` int DEFAULT NULL,
  `refresh_token_validity` int DEFAULT NULL,
  `additional_information` varchar(4096) DEFAULT NULL,
  `autoapprove` varchar(256) DEFAULT NULL,
  PRIMARY KEY (`client_id`)
) ENGINE=InnoDB DEFAULT CHARSET=utf8;

-- ----------------------------
-- Records of oauth_client_details
-- ----------------------------
BEGIN;
INSERT INTO `oauth_client_details` VALUES ('api', 'api', '$2a$10$7NXwldwejXFCYwBazc615erNj.orPvf/v9bLbMFSWFdOFdJk3RU7i', 'ROLE_ADMIN,ROLE_USER,ROLE_API', 'client_credentials,password,refresh_token,authorization_code,implicit', 'http://www.baidu.com', NULL, NULL, NULL, NULL, NULL);
INSERT INTO `oauth_client_details` VALUES ('im_admin', 'admin', '$2a$10$7NXwldwejXFCYwBazc615erNj.orPvf/v9bLbMFSWFdOFdJk3RU7i', 'ROLE_ADMIN', 'password', NULL, NULL, NULL, NULL, NULL, NULL);
COMMIT;

-- ----------------------------
-- Table structure for oauth_code
-- ----------------------------
DROP TABLE IF EXISTS `oauth_code`;
CREATE TABLE `oauth_code` (
  `code` varchar(256) DEFAULT NULL,
  `authentication` blob
) ENGINE=InnoDB DEFAULT CHARSET=utf8;

-- ----------------------------
-- Records of oauth_code
-- ----------------------------
BEGIN;
INSERT INTO `oauth_code` VALUES ('m6ch14', 0xACED0005737200416F72672E737072696E676672616D65776F726B2E73656375726974792E6F61757468322E70726F76696465722E4F417574683241757468656E7469636174696F6EBD400B02166252130200024C000D73746F7265645265717565737474003C4C6F72672F737072696E676672616D65776F726B2F73656375726974792F6F61757468322F70726F76696465722F4F4175746832526571756573743B4C00127573657241757468656E7469636174696F6E7400324C6F72672F737072696E676672616D65776F726B2F73656375726974792F636F72652F41757468656E7469636174696F6E3B787200476F72672E737072696E676672616D65776F726B2E73656375726974792E61757468656E7469636174696F6E2E416273747261637441757468656E7469636174696F6E546F6B656ED3AA287E6E47640E0200035A000D61757468656E746963617465644C000B617574686F7269746965737400164C6A6176612F7574696C2F436F6C6C656374696F6E3B4C000764657461696C737400124C6A6176612F6C616E672F4F626A6563743B787000737200266A6176612E7574696C2E436F6C6C656374696F6E7324556E6D6F6469666961626C654C697374FC0F2531B5EC8E100200014C00046C6973747400104C6A6176612F7574696C2F4C6973743B7872002C6A6176612E7574696C2E436F6C6C656374696F6E7324556E6D6F6469666961626C65436F6C6C656374696F6E19420080CB5EF71E0200014C00016371007E00047870737200136A6176612E7574696C2E41727261794C6973747881D21D99C7619D03000149000473697A65787000000001770400000001737200426F72672E737072696E676672616D65776F726B2E73656375726974792E636F72652E617574686F726974792E53696D706C654772616E746564417574686F7269747900000000000002120200014C0004726F6C657400124C6A6176612F6C616E672F537472696E673B7870740004726561647871007E000C707372003A6F72672E737072696E676672616D65776F726B2E73656375726974792E6F61757468322E70726F76696465722E4F41757468325265717565737400000000000000010200075A0008617070726F7665644C000B617574686F72697469657371007E00044C000A657874656E73696F6E7374000F4C6A6176612F7574696C2F4D61703B4C000B726564697265637455726971007E000E4C00077265667265736874003B4C6F72672F737072696E676672616D65776F726B2F73656375726974792F6F61757468322F70726F76696465722F546F6B656E526571756573743B4C000B7265736F7572636549647374000F4C6A6176612F7574696C2F5365743B4C000D726573706F6E7365547970657371007E0014787200386F72672E737072696E676672616D65776F726B2E73656375726974792E6F61757468322E70726F76696465722E426173655265717565737436287A3EA37169BD0200034C0008636C69656E74496471007E000E4C001172657175657374506172616D657465727371007E00124C000573636F706571007E00147870740003617069737200256A6176612E7574696C2E436F6C6C656374696F6E7324556E6D6F6469666961626C654D6170F1A5A8FE74F507420200014C00016D71007E00127870737200116A6176612E7574696C2E486173684D61700507DAC1C31660D103000246000A6C6F6164466163746F724900097468726573686F6C6478703F400000000000037708000000040000000274000D726573706F6E73655F74797065740004636F6465740009636C69656E745F696471007E001778737200256A6176612E7574696C2E436F6C6C656374696F6E7324556E6D6F6469666961626C65536574801D92D18F9B80550200007871007E0009737200176A6176612E7574696C2E4C696E6B656448617368536574D86CD75A95DD2A1E020000787200116A6176612E7574696C2E48617368536574BA44859596B8B7340300007870770C000000103F40000000000001740003616C6C78017371007E0022770C000000103F40000000000000787371007E001A3F400000000000007708000000100000000078740014687474703A2F2F7777772E62616964752E636F6D707371007E0022770C000000103F40000000000001740003617069787371007E0022770C000000103F4000000000000171007E001D787372004F6F72672E737072696E676672616D65776F726B2E73656375726974792E61757468656E7469636174696F6E2E557365726E616D6550617373776F726441757468656E7469636174696F6E546F6B656E00000000000002120200024C000B63726564656E7469616C7371007E00054C00097072696E636970616C71007E00057871007E0003017371007E00077371007E000B0000000177040000000171007E000F7871007E002E737200486F72672E737072696E676672616D65776F726B2E73656375726974792E7765622E61757468656E7469636174696F6E2E57656241757468656E7469636174696F6E44657461696C7300000000000002120200024C000D72656D6F74654164647265737371007E000E4C000973657373696F6E496471007E000E787074000F303A303A303A303A303A303A303A31740020333245343237423746334236393836423030324542363245423332373336313170737200326F72672E737072696E676672616D65776F726B2E73656375726974792E636F72652E7573657264657461696C732E5573657200000000000002120200075A00116163636F756E744E6F6E457870697265645A00106163636F756E744E6F6E4C6F636B65645A001563726564656E7469616C734E6F6E457870697265645A0007656E61626C65644C000B617574686F72697469657371007E00144C000870617373776F726471007E000E4C0008757365726E616D6571007E000E7870010101017371007E001F737200116A6176612E7574696C2E54726565536574DD98509395ED875B0300007870737200466F72672E737072696E676672616D65776F726B2E73656375726974792E636F72652E7573657264657461696C732E5573657224417574686F72697479436F6D70617261746F720000000000000212020000787077040000000171007E000F787074000561646D696E);
INSERT INTO `oauth_code` VALUES ('CoEjRS', 0xACED0005737200416F72672E737072696E676672616D65776F726B2E73656375726974792E6F61757468322E70726F76696465722E4F417574683241757468656E7469636174696F6EBD400B02166252130200024C000D73746F7265645265717565737474003C4C6F72672F737072696E676672616D65776F726B2F73656375726974792F6F61757468322F70726F76696465722F4F4175746832526571756573743B4C00127573657241757468656E7469636174696F6E7400324C6F72672F737072696E676672616D65776F726B2F73656375726974792F636F72652F41757468656E7469636174696F6E3B787200476F72672E737072696E676672616D65776F726B2E73656375726974792E61757468656E7469636174696F6E2E416273747261637441757468656E7469636174696F6E546F6B656ED3AA287E6E47640E0200035A000D61757468656E746963617465644C000B617574686F7269746965737400164C6A6176612F7574696C2F436F6C6C656374696F6E3B4C000764657461696C737400124C6A6176612F6C616E672F4F626A6563743B787000737200266A6176612E7574696C2E436F6C6C656374696F6E7324556E6D6F6469666961626C654C697374FC0F2531B5EC8E100200014C00046C6973747400104C6A6176612F7574696C2F4C6973743B7872002C6A6176612E7574696C2E436F6C6C656374696F6E7324556E6D6F6469666961626C65436F6C6C656374696F6E19420080CB5EF71E0200014C00016371007E00047870737200136A6176612E7574696C2E41727261794C6973747881D21D99C7619D03000149000473697A65787000000001770400000001737200426F72672E737072696E676672616D65776F726B2E73656375726974792E636F72652E617574686F726974792E53696D706C654772616E746564417574686F7269747900000000000002120200014C0004726F6C657400124C6A6176612F6C616E672F537472696E673B7870740004726561647871007E000C707372003A6F72672E737072696E676672616D65776F726B2E73656375726974792E6F61757468322E70726F76696465722E4F41757468325265717565737400000000000000010200075A0008617070726F7665644C000B617574686F72697469657371007E00044C000A657874656E73696F6E7374000F4C6A6176612F7574696C2F4D61703B4C000B726564697265637455726971007E000E4C00077265667265736874003B4C6F72672F737072696E676672616D65776F726B2F73656375726974792F6F61757468322F70726F76696465722F546F6B656E526571756573743B4C000B7265736F7572636549647374000F4C6A6176612F7574696C2F5365743B4C000D726573706F6E7365547970657371007E0014787200386F72672E737072696E676672616D65776F726B2E73656375726974792E6F61757468322E70726F76696465722E426173655265717565737436287A3EA37169BD0200034C0008636C69656E74496471007E000E4C001172657175657374506172616D657465727371007E00124C000573636F706571007E00147870740003617069737200256A6176612E7574696C2E436F6C6C656374696F6E7324556E6D6F6469666961626C654D6170F1A5A8FE74F507420200014C00016D71007E00127870737200116A6176612E7574696C2E486173684D61700507DAC1C31660D103000246000A6C6F6164466163746F724900097468726573686F6C6478703F400000000000037708000000040000000274000D726573706F6E73655F74797065740004636F6465740009636C69656E745F696471007E001778737200256A6176612E7574696C2E436F6C6C656374696F6E7324556E6D6F6469666961626C65536574801D92D18F9B80550200007871007E0009737200176A6176612E7574696C2E4C696E6B656448617368536574D86CD75A95DD2A1E020000787200116A6176612E7574696C2E48617368536574BA44859596B8B7340300007870770C000000103F4000000000000174000A524F4C455F41444D494E78017371007E0022770C000000103F40000000000000787371007E001A3F400000000000007708000000100000000078740014687474703A2F2F7777772E62616964752E636F6D707371007E0022770C000000103F40000000000001740003617069787371007E0022770C000000103F4000000000000171007E001D787372004F6F72672E737072696E676672616D65776F726B2E73656375726974792E61757468656E7469636174696F6E2E557365726E616D6550617373776F726441757468656E7469636174696F6E546F6B656E00000000000002120200024C000B63726564656E7469616C7371007E00054C00097072696E636970616C71007E00057871007E0003017371007E00077371007E000B0000000177040000000171007E000F7871007E002E737200486F72672E737072696E676672616D65776F726B2E73656375726974792E7765622E61757468656E7469636174696F6E2E57656241757468656E7469636174696F6E44657461696C7300000000000002120200024C000D72656D6F74654164647265737371007E000E4C000973657373696F6E496471007E000E787074000F303A303A303A303A303A303A303A31740020324539453132443434383845363734373343453041424541353241383531344270737200326F72672E737072696E676672616D65776F726B2E73656375726974792E636F72652E7573657264657461696C732E5573657200000000000002120200075A00116163636F756E744E6F6E457870697265645A00106163636F756E744E6F6E4C6F636B65645A001563726564656E7469616C734E6F6E457870697265645A0007656E61626C65644C000B617574686F72697469657371007E00144C000870617373776F726471007E000E4C0008757365726E616D6571007E000E7870010101017371007E001F737200116A6176612E7574696C2E54726565536574DD98509395ED875B0300007870737200466F72672E737072696E676672616D65776F726B2E73656375726974792E636F72652E7573657264657461696C732E5573657224417574686F72697479436F6D70617261746F720000000000000212020000787077040000000171007E000F787074000561646D696E);
INSERT INTO `oauth_code` VALUES ('Km5JBW', 0xACED0005737200416F72672E737072696E676672616D65776F726B2E73656375726974792E6F61757468322E70726F76696465722E4F417574683241757468656E7469636174696F6EBD400B02166252130200024C000D73746F7265645265717565737474003C4C6F72672F737072696E676672616D65776F726B2F73656375726974792F6F61757468322F70726F76696465722F4F4175746832526571756573743B4C00127573657241757468656E7469636174696F6E7400324C6F72672F737072696E676672616D65776F726B2F73656375726974792F636F72652F41757468656E7469636174696F6E3B787200476F72672E737072696E676672616D65776F726B2E73656375726974792E61757468656E7469636174696F6E2E416273747261637441757468656E7469636174696F6E546F6B656ED3AA287E6E47640E0200035A000D61757468656E746963617465644C000B617574686F7269746965737400164C6A6176612F7574696C2F436F6C6C656374696F6E3B4C000764657461696C737400124C6A6176612F6C616E672F4F626A6563743B787000737200266A6176612E7574696C2E436F6C6C656374696F6E7324556E6D6F6469666961626C654C697374FC0F2531B5EC8E100200014C00046C6973747400104C6A6176612F7574696C2F4C6973743B7872002C6A6176612E7574696C2E436F6C6C656374696F6E7324556E6D6F6469666961626C65436F6C6C656374696F6E19420080CB5EF71E0200014C00016371007E00047870737200136A6176612E7574696C2E41727261794C6973747881D21D99C7619D03000149000473697A65787000000001770400000001737200426F72672E737072696E676672616D65776F726B2E73656375726974792E636F72652E617574686F726974792E53696D706C654772616E746564417574686F7269747900000000000002120200014C0004726F6C657400124C6A6176612F6C616E672F537472696E673B7870740004726561647871007E000C707372003A6F72672E737072696E676672616D65776F726B2E73656375726974792E6F61757468322E70726F76696465722E4F41757468325265717565737400000000000000010200075A0008617070726F7665644C000B617574686F72697469657371007E00044C000A657874656E73696F6E7374000F4C6A6176612F7574696C2F4D61703B4C000B726564697265637455726971007E000E4C00077265667265736874003B4C6F72672F737072696E676672616D65776F726B2F73656375726974792F6F61757468322F70726F76696465722F546F6B656E526571756573743B4C000B7265736F7572636549647374000F4C6A6176612F7574696C2F5365743B4C000D726573706F6E7365547970657371007E0014787200386F72672E737072696E676672616D65776F726B2E73656375726974792E6F61757468322E70726F76696465722E426173655265717565737436287A3EA37169BD0200034C0008636C69656E74496471007E000E4C001172657175657374506172616D657465727371007E00124C000573636F706571007E00147870740003617069737200256A6176612E7574696C2E436F6C6C656374696F6E7324556E6D6F6469666961626C654D6170F1A5A8FE74F507420200014C00016D71007E00127870737200116A6176612E7574696C2E486173684D61700507DAC1C31660D103000246000A6C6F6164466163746F724900097468726573686F6C6478703F400000000000037708000000040000000274000D726573706F6E73655F74797065740004636F6465740009636C69656E745F696471007E001778737200256A6176612E7574696C2E436F6C6C656374696F6E7324556E6D6F6469666961626C65536574801D92D18F9B80550200007871007E0009737200176A6176612E7574696C2E4C696E6B656448617368536574D86CD75A95DD2A1E020000787200116A6176612E7574696C2E48617368536574BA44859596B8B7340300007870770C000000103F4000000000000174000A524F4C455F41444D494E78017371007E0022770C000000103F40000000000000787371007E001A3F400000000000007708000000100000000078740014687474703A2F2F7777772E62616964752E636F6D707371007E0022770C000000103F40000000000001740003617069787371007E0022770C000000103F4000000000000171007E001D787372004F6F72672E737072696E676672616D65776F726B2E73656375726974792E61757468656E7469636174696F6E2E557365726E616D6550617373776F726441757468656E7469636174696F6E546F6B656E00000000000002120200024C000B63726564656E7469616C7371007E00054C00097072696E636970616C71007E00057871007E0003017371007E00077371007E000B0000000177040000000171007E000F7871007E002E737200486F72672E737072696E676672616D65776F726B2E73656375726974792E7765622E61757468656E7469636174696F6E2E57656241757468656E7469636174696F6E44657461696C7300000000000002120200024C000D72656D6F74654164647265737371007E000E4C000973657373696F6E496471007E000E787074000F303A303A303A303A303A303A303A31740020423935353430383138323733324437464235434636323030433034453532363170737200326F72672E737072696E676672616D65776F726B2E73656375726974792E636F72652E7573657264657461696C732E5573657200000000000002120200075A00116163636F756E744E6F6E457870697265645A00106163636F756E744E6F6E4C6F636B65645A001563726564656E7469616C734E6F6E457870697265645A0007656E61626C65644C000B617574686F72697469657371007E00144C000870617373776F726471007E000E4C0008757365726E616D6571007E000E7870010101017371007E001F737200116A6176612E7574696C2E54726565536574DD98509395ED875B0300007870737200466F72672E737072696E676672616D65776F726B2E73656375726974792E636F72652E7573657264657461696C732E5573657224417574686F72697479436F6D70617261746F720000000000000212020000787077040000000171007E000F787074000561646D696E);
INSERT INTO `oauth_code` VALUES ('FFE5UA', 0xACED0005737200416F72672E737072696E676672616D65776F726B2E73656375726974792E6F61757468322E70726F76696465722E4F417574683241757468656E7469636174696F6EBD400B02166252130200024C000D73746F7265645265717565737474003C4C6F72672F737072696E676672616D65776F726B2F73656375726974792F6F61757468322F70726F76696465722F4F4175746832526571756573743B4C00127573657241757468656E7469636174696F6E7400324C6F72672F737072696E676672616D65776F726B2F73656375726974792F636F72652F41757468656E7469636174696F6E3B787200476F72672E737072696E676672616D65776F726B2E73656375726974792E61757468656E7469636174696F6E2E416273747261637441757468656E7469636174696F6E546F6B656ED3AA287E6E47640E0200035A000D61757468656E746963617465644C000B617574686F7269746965737400164C6A6176612F7574696C2F436F6C6C656374696F6E3B4C000764657461696C737400124C6A6176612F6C616E672F4F626A6563743B787000737200266A6176612E7574696C2E436F6C6C656374696F6E7324556E6D6F6469666961626C654C697374FC0F2531B5EC8E100200014C00046C6973747400104C6A6176612F7574696C2F4C6973743B7872002C6A6176612E7574696C2E436F6C6C656374696F6E7324556E6D6F6469666961626C65436F6C6C656374696F6E19420080CB5EF71E0200014C00016371007E00047870737200136A6176612E7574696C2E41727261794C6973747881D21D99C7619D03000149000473697A65787000000001770400000001737200426F72672E737072696E676672616D65776F726B2E73656375726974792E636F72652E617574686F726974792E53696D706C654772616E746564417574686F7269747900000000000002120200014C0004726F6C657400124C6A6176612F6C616E672F537472696E673B7870740004726561647871007E000C707372003A6F72672E737072696E676672616D65776F726B2E73656375726974792E6F61757468322E70726F76696465722E4F41757468325265717565737400000000000000010200075A0008617070726F7665644C000B617574686F72697469657371007E00044C000A657874656E73696F6E7374000F4C6A6176612F7574696C2F4D61703B4C000B726564697265637455726971007E000E4C00077265667265736874003B4C6F72672F737072696E676672616D65776F726B2F73656375726974792F6F61757468322F70726F76696465722F546F6B656E526571756573743B4C000B7265736F7572636549647374000F4C6A6176612F7574696C2F5365743B4C000D726573706F6E7365547970657371007E0014787200386F72672E737072696E676672616D65776F726B2E73656375726974792E6F61757468322E70726F76696465722E426173655265717565737436287A3EA37169BD0200034C0008636C69656E74496471007E000E4C001172657175657374506172616D657465727371007E00124C000573636F706571007E00147870740003617069737200256A6176612E7574696C2E436F6C6C656374696F6E7324556E6D6F6469666961626C654D6170F1A5A8FE74F507420200014C00016D71007E00127870737200116A6176612E7574696C2E486173684D61700507DAC1C31660D103000246000A6C6F6164466163746F724900097468726573686F6C6478703F400000000000037708000000040000000274000D726573706F6E73655F74797065740004636F6465740009636C69656E745F696471007E001778737200256A6176612E7574696C2E436F6C6C656374696F6E7324556E6D6F6469666961626C65536574801D92D18F9B80550200007871007E0009737200176A6176612E7574696C2E4C696E6B656448617368536574D86CD75A95DD2A1E020000787200116A6176612E7574696C2E48617368536574BA44859596B8B7340300007870770C000000103F4000000000000174000A524F4C455F41444D494E78017371007E0022770C000000103F40000000000000787371007E001A3F400000000000007708000000100000000078740014687474703A2F2F7777772E62616964752E636F6D707371007E0022770C000000103F40000000000001740003617069787371007E0022770C000000103F4000000000000171007E001D787372004F6F72672E737072696E676672616D65776F726B2E73656375726974792E61757468656E7469636174696F6E2E557365726E616D6550617373776F726441757468656E7469636174696F6E546F6B656E00000000000002120200024C000B63726564656E7469616C7371007E00054C00097072696E636970616C71007E00057871007E0003017371007E00077371007E000B0000000177040000000171007E000F7871007E002E737200486F72672E737072696E676672616D65776F726B2E73656375726974792E7765622E61757468656E7469636174696F6E2E57656241757468656E7469636174696F6E44657461696C7300000000000002120200024C000D72656D6F74654164647265737371007E000E4C000973657373696F6E496471007E000E787074000F303A303A303A303A303A303A303A31740020454343463232444239453338383437463143373844344133454635314341313570737200326F72672E737072696E676672616D65776F726B2E73656375726974792E636F72652E7573657264657461696C732E5573657200000000000002120200075A00116163636F756E744E6F6E457870697265645A00106163636F756E744E6F6E4C6F636B65645A001563726564656E7469616C734E6F6E457870697265645A0007656E61626C65644C000B617574686F72697469657371007E00144C000870617373776F726471007E000E4C0008757365726E616D6571007E000E7870010101017371007E001F737200116A6176612E7574696C2E54726565536574DD98509395ED875B0300007870737200466F72672E737072696E676672616D65776F726B2E73656375726974792E636F72652E7573657264657461696C732E5573657224417574686F72697479436F6D70617261746F720000000000000212020000787077040000000171007E000F787074000561646D696E);
INSERT INTO `oauth_code` VALUES ('33LuT9', 0xACED0005737200416F72672E737072696E676672616D65776F726B2E73656375726974792E6F61757468322E70726F76696465722E4F417574683241757468656E7469636174696F6EBD400B02166252130200024C000D73746F7265645265717565737474003C4C6F72672F737072696E676672616D65776F726B2F73656375726974792F6F61757468322F70726F76696465722F4F4175746832526571756573743B4C00127573657241757468656E7469636174696F6E7400324C6F72672F737072696E676672616D65776F726B2F73656375726974792F636F72652F41757468656E7469636174696F6E3B787200476F72672E737072696E676672616D65776F726B2E73656375726974792E61757468656E7469636174696F6E2E416273747261637441757468656E7469636174696F6E546F6B656ED3AA287E6E47640E0200035A000D61757468656E746963617465644C000B617574686F7269746965737400164C6A6176612F7574696C2F436F6C6C656374696F6E3B4C000764657461696C737400124C6A6176612F6C616E672F4F626A6563743B787000737200266A6176612E7574696C2E436F6C6C656374696F6E7324556E6D6F6469666961626C654C697374FC0F2531B5EC8E100200014C00046C6973747400104C6A6176612F7574696C2F4C6973743B7872002C6A6176612E7574696C2E436F6C6C656374696F6E7324556E6D6F6469666961626C65436F6C6C656374696F6E19420080CB5EF71E0200014C00016371007E00047870737200136A6176612E7574696C2E41727261794C6973747881D21D99C7619D03000149000473697A65787000000001770400000001737200426F72672E737072696E676672616D65776F726B2E73656375726974792E636F72652E617574686F726974792E53696D706C654772616E746564417574686F7269747900000000000002120200014C0004726F6C657400124C6A6176612F6C616E672F537472696E673B7870740004726561647871007E000C707372003A6F72672E737072696E676672616D65776F726B2E73656375726974792E6F61757468322E70726F76696465722E4F41757468325265717565737400000000000000010200075A0008617070726F7665644C000B617574686F72697469657371007E00044C000A657874656E73696F6E7374000F4C6A6176612F7574696C2F4D61703B4C000B726564697265637455726971007E000E4C00077265667265736874003B4C6F72672F737072696E676672616D65776F726B2F73656375726974792F6F61757468322F70726F76696465722F546F6B656E526571756573743B4C000B7265736F7572636549647374000F4C6A6176612F7574696C2F5365743B4C000D726573706F6E7365547970657371007E0014787200386F72672E737072696E676672616D65776F726B2E73656375726974792E6F61757468322E70726F76696465722E426173655265717565737436287A3EA37169BD0200034C0008636C69656E74496471007E000E4C001172657175657374506172616D657465727371007E00124C000573636F706571007E00147870740003617069737200256A6176612E7574696C2E436F6C6C656374696F6E7324556E6D6F6469666961626C654D6170F1A5A8FE74F507420200014C00016D71007E00127870737200116A6176612E7574696C2E486173684D61700507DAC1C31660D103000246000A6C6F6164466163746F724900097468726573686F6C6478703F400000000000037708000000040000000274000D726573706F6E73655F74797065740004636F6465740009636C69656E745F696471007E001778737200256A6176612E7574696C2E436F6C6C656374696F6E7324556E6D6F6469666961626C65536574801D92D18F9B80550200007871007E0009737200176A6176612E7574696C2E4C696E6B656448617368536574D86CD75A95DD2A1E020000787200116A6176612E7574696C2E48617368536574BA44859596B8B7340300007870770C000000103F4000000000000174000A524F4C455F41444D494E78017371007E0022770C000000103F40000000000000787371007E001A3F400000000000007708000000100000000078740014687474703A2F2F7777772E62616964752E636F6D707371007E0022770C000000103F40000000000001740003617069787371007E0022770C000000103F4000000000000171007E001D787372004F6F72672E737072696E676672616D65776F726B2E73656375726974792E61757468656E7469636174696F6E2E557365726E616D6550617373776F726441757468656E7469636174696F6E546F6B656E00000000000002120200024C000B63726564656E7469616C7371007E00054C00097072696E636970616C71007E00057871007E0003017371007E00077371007E000B0000000177040000000171007E000F7871007E002E737200486F72672E737072696E676672616D65776F726B2E73656375726974792E7765622E61757468656E7469636174696F6E2E57656241757468656E7469636174696F6E44657461696C7300000000000002120200024C000D72656D6F74654164647265737371007E000E4C000973657373696F6E496471007E000E787074000F303A303A303A303A303A303A303A31740020454343463232444239453338383437463143373844344133454635314341313570737200326F72672E737072696E676672616D65776F726B2E73656375726974792E636F72652E7573657264657461696C732E5573657200000000000002120200075A00116163636F756E744E6F6E457870697265645A00106163636F756E744E6F6E4C6F636B65645A001563726564656E7469616C734E6F6E457870697265645A0007656E61626C65644C000B617574686F72697469657371007E00144C000870617373776F726471007E000E4C0008757365726E616D6571007E000E7870010101017371007E001F737200116A6176612E7574696C2E54726565536574DD98509395ED875B0300007870737200466F72672E737072696E676672616D65776F726B2E73656375726974792E636F72652E7573657264657461696C732E5573657224417574686F72697479436F6D70617261746F720000000000000212020000787077040000000171007E000F787074000561646D696E);
INSERT INTO `oauth_code` VALUES ('41aqtd', 0xACED0005737200416F72672E737072696E676672616D65776F726B2E73656375726974792E6F61757468322E70726F76696465722E4F417574683241757468656E7469636174696F6EBD400B02166252130200024C000D73746F7265645265717565737474003C4C6F72672F737072696E676672616D65776F726B2F73656375726974792F6F61757468322F70726F76696465722F4F4175746832526571756573743B4C00127573657241757468656E7469636174696F6E7400324C6F72672F737072696E676672616D65776F726B2F73656375726974792F636F72652F41757468656E7469636174696F6E3B787200476F72672E737072696E676672616D65776F726B2E73656375726974792E61757468656E7469636174696F6E2E416273747261637441757468656E7469636174696F6E546F6B656ED3AA287E6E47640E0200035A000D61757468656E746963617465644C000B617574686F7269746965737400164C6A6176612F7574696C2F436F6C6C656374696F6E3B4C000764657461696C737400124C6A6176612F6C616E672F4F626A6563743B787000737200266A6176612E7574696C2E436F6C6C656374696F6E7324556E6D6F6469666961626C654C697374FC0F2531B5EC8E100200014C00046C6973747400104C6A6176612F7574696C2F4C6973743B7872002C6A6176612E7574696C2E436F6C6C656374696F6E7324556E6D6F6469666961626C65436F6C6C656374696F6E19420080CB5EF71E0200014C00016371007E00047870737200136A6176612E7574696C2E41727261794C6973747881D21D99C7619D03000149000473697A65787000000001770400000001737200426F72672E737072696E676672616D65776F726B2E73656375726974792E636F72652E617574686F726974792E53696D706C654772616E746564417574686F7269747900000000000002120200014C0004726F6C657400124C6A6176612F6C616E672F537472696E673B7870740004726561647871007E000C707372003A6F72672E737072696E676672616D65776F726B2E73656375726974792E6F61757468322E70726F76696465722E4F41757468325265717565737400000000000000010200075A0008617070726F7665644C000B617574686F72697469657371007E00044C000A657874656E73696F6E7374000F4C6A6176612F7574696C2F4D61703B4C000B726564697265637455726971007E000E4C00077265667265736874003B4C6F72672F737072696E676672616D65776F726B2F73656375726974792F6F61757468322F70726F76696465722F546F6B656E526571756573743B4C000B7265736F7572636549647374000F4C6A6176612F7574696C2F5365743B4C000D726573706F6E7365547970657371007E0014787200386F72672E737072696E676672616D65776F726B2E73656375726974792E6F61757468322E70726F76696465722E426173655265717565737436287A3EA37169BD0200034C0008636C69656E74496471007E000E4C001172657175657374506172616D657465727371007E00124C000573636F706571007E00147870740003617069737200256A6176612E7574696C2E436F6C6C656374696F6E7324556E6D6F6469666961626C654D6170F1A5A8FE74F507420200014C00016D71007E00127870737200116A6176612E7574696C2E486173684D61700507DAC1C31660D103000246000A6C6F6164466163746F724900097468726573686F6C6478703F400000000000037708000000040000000274000D726573706F6E73655F74797065740004636F6465740009636C69656E745F696471007E001778737200256A6176612E7574696C2E436F6C6C656374696F6E7324556E6D6F6469666961626C65536574801D92D18F9B80550200007871007E0009737200176A6176612E7574696C2E4C696E6B656448617368536574D86CD75A95DD2A1E020000787200116A6176612E7574696C2E48617368536574BA44859596B8B7340300007870770C000000103F4000000000000174000A524F4C455F41444D494E78017371007E0022770C000000103F40000000000000787371007E001A3F400000000000007708000000100000000078740014687474703A2F2F7777772E62616964752E636F6D707371007E0022770C000000103F40000000000001740003617069787371007E0022770C000000103F4000000000000171007E001D787372004F6F72672E737072696E676672616D65776F726B2E73656375726974792E61757468656E7469636174696F6E2E557365726E616D6550617373776F726441757468656E7469636174696F6E546F6B656E00000000000002120200024C000B63726564656E7469616C7371007E00054C00097072696E636970616C71007E00057871007E0003017371007E00077371007E000B0000000177040000000171007E000F7871007E002E737200486F72672E737072696E676672616D65776F726B2E73656375726974792E7765622E61757468656E7469636174696F6E2E57656241757468656E7469636174696F6E44657461696C7300000000000002120200024C000D72656D6F74654164647265737371007E000E4C000973657373696F6E496471007E000E787074000F303A303A303A303A303A303A303A31740020454343463232444239453338383437463143373844344133454635314341313570737200326F72672E737072696E676672616D65776F726B2E73656375726974792E636F72652E7573657264657461696C732E5573657200000000000002120200075A00116163636F756E744E6F6E457870697265645A00106163636F756E744E6F6E4C6F636B65645A001563726564656E7469616C734E6F6E457870697265645A0007656E61626C65644C000B617574686F72697469657371007E00144C000870617373776F726471007E000E4C0008757365726E616D6571007E000E7870010101017371007E001F737200116A6176612E7574696C2E54726565536574DD98509395ED875B0300007870737200466F72672E737072696E676672616D65776F726B2E73656375726974792E636F72652E7573657264657461696C732E5573657224417574686F72697479436F6D70617261746F720000000000000212020000787077040000000171007E000F787074000561646D696E);
INSERT INTO `oauth_code` VALUES ('dp5VN9', 0xACED0005737200416F72672E737072696E676672616D65776F726B2E73656375726974792E6F61757468322E70726F76696465722E4F417574683241757468656E7469636174696F6EBD400B02166252130200024C000D73746F7265645265717565737474003C4C6F72672F737072696E676672616D65776F726B2F73656375726974792F6F61757468322F70726F76696465722F4F4175746832526571756573743B4C00127573657241757468656E7469636174696F6E7400324C6F72672F737072696E676672616D65776F726B2F73656375726974792F636F72652F41757468656E7469636174696F6E3B787200476F72672E737072696E676672616D65776F726B2E73656375726974792E61757468656E7469636174696F6E2E416273747261637441757468656E7469636174696F6E546F6B656ED3AA287E6E47640E0200035A000D61757468656E746963617465644C000B617574686F7269746965737400164C6A6176612F7574696C2F436F6C6C656374696F6E3B4C000764657461696C737400124C6A6176612F6C616E672F4F626A6563743B787000737200266A6176612E7574696C2E436F6C6C656374696F6E7324556E6D6F6469666961626C654C697374FC0F2531B5EC8E100200014C00046C6973747400104C6A6176612F7574696C2F4C6973743B7872002C6A6176612E7574696C2E436F6C6C656374696F6E7324556E6D6F6469666961626C65436F6C6C656374696F6E19420080CB5EF71E0200014C00016371007E00047870737200136A6176612E7574696C2E41727261794C6973747881D21D99C7619D03000149000473697A65787000000001770400000001737200426F72672E737072696E676672616D65776F726B2E73656375726974792E636F72652E617574686F726974792E53696D706C654772616E746564417574686F7269747900000000000002120200014C0004726F6C657400124C6A6176612F6C616E672F537472696E673B7870740004726561647871007E000C707372003A6F72672E737072696E676672616D65776F726B2E73656375726974792E6F61757468322E70726F76696465722E4F41757468325265717565737400000000000000010200075A0008617070726F7665644C000B617574686F72697469657371007E00044C000A657874656E73696F6E7374000F4C6A6176612F7574696C2F4D61703B4C000B726564697265637455726971007E000E4C00077265667265736874003B4C6F72672F737072696E676672616D65776F726B2F73656375726974792F6F61757468322F70726F76696465722F546F6B656E526571756573743B4C000B7265736F7572636549647374000F4C6A6176612F7574696C2F5365743B4C000D726573706F6E7365547970657371007E0014787200386F72672E737072696E676672616D65776F726B2E73656375726974792E6F61757468322E70726F76696465722E426173655265717565737436287A3EA37169BD0200034C0008636C69656E74496471007E000E4C001172657175657374506172616D657465727371007E00124C000573636F706571007E00147870740003617069737200256A6176612E7574696C2E436F6C6C656374696F6E7324556E6D6F6469666961626C654D6170F1A5A8FE74F507420200014C00016D71007E00127870737200116A6176612E7574696C2E486173684D61700507DAC1C31660D103000246000A6C6F6164466163746F724900097468726573686F6C6478703F400000000000037708000000040000000274000D726573706F6E73655F74797065740004636F6465740009636C69656E745F696471007E001778737200256A6176612E7574696C2E436F6C6C656374696F6E7324556E6D6F6469666961626C65536574801D92D18F9B80550200007871007E0009737200176A6176612E7574696C2E4C696E6B656448617368536574D86CD75A95DD2A1E020000787200116A6176612E7574696C2E48617368536574BA44859596B8B7340300007870770C000000103F4000000000000174000A524F4C455F41444D494E78017371007E0022770C000000103F40000000000000787371007E001A3F400000000000007708000000100000000078740014687474703A2F2F7777772E62616964752E636F6D707371007E0022770C000000103F40000000000001740003617069787371007E0022770C000000103F4000000000000171007E001D787372004F6F72672E737072696E676672616D65776F726B2E73656375726974792E61757468656E7469636174696F6E2E557365726E616D6550617373776F726441757468656E7469636174696F6E546F6B656E00000000000002120200024C000B63726564656E7469616C7371007E00054C00097072696E636970616C71007E00057871007E0003017371007E00077371007E000B0000000177040000000171007E000F7871007E002E737200486F72672E737072696E676672616D65776F726B2E73656375726974792E7765622E61757468656E7469636174696F6E2E57656241757468656E7469636174696F6E44657461696C7300000000000002120200024C000D72656D6F74654164647265737371007E000E4C000973657373696F6E496471007E000E787074000F303A303A303A303A303A303A303A31740020413438353030453034433944444335393646373243423336413933333731393970737200326F72672E737072696E676672616D65776F726B2E73656375726974792E636F72652E7573657264657461696C732E5573657200000000000002120200075A00116163636F756E744E6F6E457870697265645A00106163636F756E744E6F6E4C6F636B65645A001563726564656E7469616C734E6F6E457870697265645A0007656E61626C65644C000B617574686F72697469657371007E00144C000870617373776F726471007E000E4C0008757365726E616D6571007E000E7870010101017371007E001F737200116A6176612E7574696C2E54726565536574DD98509395ED875B0300007870737200466F72672E737072696E676672616D65776F726B2E73656375726974792E636F72652E7573657264657461696C732E5573657224417574686F72697479436F6D70617261746F720000000000000212020000787077040000000171007E000F787074000561646D696E);
INSERT INTO `oauth_code` VALUES ('P7VgiX', 0xACED0005737200416F72672E737072696E676672616D65776F726B2E73656375726974792E6F61757468322E70726F76696465722E4F417574683241757468656E7469636174696F6EBD400B02166252130200024C000D73746F7265645265717565737474003C4C6F72672F737072696E676672616D65776F726B2F73656375726974792F6F61757468322F70726F76696465722F4F4175746832526571756573743B4C00127573657241757468656E7469636174696F6E7400324C6F72672F737072696E676672616D65776F726B2F73656375726974792F636F72652F41757468656E7469636174696F6E3B787200476F72672E737072696E676672616D65776F726B2E73656375726974792E61757468656E7469636174696F6E2E416273747261637441757468656E7469636174696F6E546F6B656ED3AA287E6E47640E0200035A000D61757468656E746963617465644C000B617574686F7269746965737400164C6A6176612F7574696C2F436F6C6C656374696F6E3B4C000764657461696C737400124C6A6176612F6C616E672F4F626A6563743B787000737200266A6176612E7574696C2E436F6C6C656374696F6E7324556E6D6F6469666961626C654C697374FC0F2531B5EC8E100200014C00046C6973747400104C6A6176612F7574696C2F4C6973743B7872002C6A6176612E7574696C2E436F6C6C656374696F6E7324556E6D6F6469666961626C65436F6C6C656374696F6E19420080CB5EF71E0200014C00016371007E00047870737200136A6176612E7574696C2E41727261794C6973747881D21D99C7619D03000149000473697A65787000000001770400000001737200426F72672E737072696E676672616D65776F726B2E73656375726974792E636F72652E617574686F726974792E53696D706C654772616E746564417574686F7269747900000000000002120200014C0004726F6C657400124C6A6176612F6C616E672F537472696E673B7870740004726561647871007E000C707372003A6F72672E737072696E676672616D65776F726B2E73656375726974792E6F61757468322E70726F76696465722E4F41757468325265717565737400000000000000010200075A0008617070726F7665644C000B617574686F72697469657371007E00044C000A657874656E73696F6E7374000F4C6A6176612F7574696C2F4D61703B4C000B726564697265637455726971007E000E4C00077265667265736874003B4C6F72672F737072696E676672616D65776F726B2F73656375726974792F6F61757468322F70726F76696465722F546F6B656E526571756573743B4C000B7265736F7572636549647374000F4C6A6176612F7574696C2F5365743B4C000D726573706F6E7365547970657371007E0014787200386F72672E737072696E676672616D65776F726B2E73656375726974792E6F61757468322E70726F76696465722E426173655265717565737436287A3EA37169BD0200034C0008636C69656E74496471007E000E4C001172657175657374506172616D657465727371007E00124C000573636F706571007E00147870740003617069737200256A6176612E7574696C2E436F6C6C656374696F6E7324556E6D6F6469666961626C654D6170F1A5A8FE74F507420200014C00016D71007E00127870737200116A6176612E7574696C2E486173684D61700507DAC1C31660D103000246000A6C6F6164466163746F724900097468726573686F6C6478703F400000000000037708000000040000000274000D726573706F6E73655F74797065740004636F6465740009636C69656E745F696471007E001778737200256A6176612E7574696C2E436F6C6C656374696F6E7324556E6D6F6469666961626C65536574801D92D18F9B80550200007871007E0009737200176A6176612E7574696C2E4C696E6B656448617368536574D86CD75A95DD2A1E020000787200116A6176612E7574696C2E48617368536574BA44859596B8B7340300007870770C000000103F4000000000000174000A524F4C455F41444D494E78017371007E0022770C000000103F40000000000000787371007E001A3F400000000000007708000000100000000078740014687474703A2F2F7777772E62616964752E636F6D707371007E0022770C000000103F40000000000001740003617069787371007E0022770C000000103F4000000000000171007E001D787372004F6F72672E737072696E676672616D65776F726B2E73656375726974792E61757468656E7469636174696F6E2E557365726E616D6550617373776F726441757468656E7469636174696F6E546F6B656E00000000000002120200024C000B63726564656E7469616C7371007E00054C00097072696E636970616C71007E00057871007E0003017371007E00077371007E000B0000000177040000000171007E000F7871007E002E737200486F72672E737072696E676672616D65776F726B2E73656375726974792E7765622E61757468656E7469636174696F6E2E57656241757468656E7469636174696F6E44657461696C7300000000000002120200024C000D72656D6F74654164647265737371007E000E4C000973657373696F6E496471007E000E787074000F303A303A303A303A303A303A303A31740020313139334242353139453041384336313444423033333530363442413335464270737200326F72672E737072696E676672616D65776F726B2E73656375726974792E636F72652E7573657264657461696C732E5573657200000000000002120200075A00116163636F756E744E6F6E457870697265645A00106163636F756E744E6F6E4C6F636B65645A001563726564656E7469616C734E6F6E457870697265645A0007656E61626C65644C000B617574686F72697469657371007E00144C000870617373776F726471007E000E4C0008757365726E616D6571007E000E7870010101017371007E001F737200116A6176612E7574696C2E54726565536574DD98509395ED875B0300007870737200466F72672E737072696E676672616D65776F726B2E73656375726974792E636F72652E7573657264657461696C732E5573657224417574686F72697479436F6D70617261746F720000000000000212020000787077040000000171007E000F787074000561646D696E);
INSERT INTO `oauth_code` VALUES ('53soSW', 0xACED0005737200416F72672E737072696E676672616D65776F726B2E73656375726974792E6F61757468322E70726F76696465722E4F417574683241757468656E7469636174696F6EBD400B02166252130200024C000D73746F7265645265717565737474003C4C6F72672F737072696E676672616D65776F726B2F73656375726974792F6F61757468322F70726F76696465722F4F4175746832526571756573743B4C00127573657241757468656E7469636174696F6E7400324C6F72672F737072696E676672616D65776F726B2F73656375726974792F636F72652F41757468656E7469636174696F6E3B787200476F72672E737072696E676672616D65776F726B2E73656375726974792E61757468656E7469636174696F6E2E416273747261637441757468656E7469636174696F6E546F6B656ED3AA287E6E47640E0200035A000D61757468656E746963617465644C000B617574686F7269746965737400164C6A6176612F7574696C2F436F6C6C656374696F6E3B4C000764657461696C737400124C6A6176612F6C616E672F4F626A6563743B787000737200266A6176612E7574696C2E436F6C6C656374696F6E7324556E6D6F6469666961626C654C697374FC0F2531B5EC8E100200014C00046C6973747400104C6A6176612F7574696C2F4C6973743B7872002C6A6176612E7574696C2E436F6C6C656374696F6E7324556E6D6F6469666961626C65436F6C6C656374696F6E19420080CB5EF71E0200014C00016371007E00047870737200136A6176612E7574696C2E41727261794C6973747881D21D99C7619D03000149000473697A65787000000001770400000001737200426F72672E737072696E676672616D65776F726B2E73656375726974792E636F72652E617574686F726974792E53696D706C654772616E746564417574686F7269747900000000000002120200014C0004726F6C657400124C6A6176612F6C616E672F537472696E673B7870740004726561647871007E000C707372003A6F72672E737072696E676672616D65776F726B2E73656375726974792E6F61757468322E70726F76696465722E4F41757468325265717565737400000000000000010200075A0008617070726F7665644C000B617574686F72697469657371007E00044C000A657874656E73696F6E7374000F4C6A6176612F7574696C2F4D61703B4C000B726564697265637455726971007E000E4C00077265667265736874003B4C6F72672F737072696E676672616D65776F726B2F73656375726974792F6F61757468322F70726F76696465722F546F6B656E526571756573743B4C000B7265736F7572636549647374000F4C6A6176612F7574696C2F5365743B4C000D726573706F6E7365547970657371007E0014787200386F72672E737072696E676672616D65776F726B2E73656375726974792E6F61757468322E70726F76696465722E426173655265717565737436287A3EA37169BD0200034C0008636C69656E74496471007E000E4C001172657175657374506172616D657465727371007E00124C000573636F706571007E00147870740003617069737200256A6176612E7574696C2E436F6C6C656374696F6E7324556E6D6F6469666961626C654D6170F1A5A8FE74F507420200014C00016D71007E00127870737200116A6176612E7574696C2E486173684D61700507DAC1C31660D103000246000A6C6F6164466163746F724900097468726573686F6C6478703F400000000000037708000000040000000274000D726573706F6E73655F74797065740004636F6465740009636C69656E745F696471007E001778737200256A6176612E7574696C2E436F6C6C656374696F6E7324556E6D6F6469666961626C65536574801D92D18F9B80550200007871007E0009737200176A6176612E7574696C2E4C696E6B656448617368536574D86CD75A95DD2A1E020000787200116A6176612E7574696C2E48617368536574BA44859596B8B7340300007870770C000000103F4000000000000174000A524F4C455F41444D494E78017371007E0022770C000000103F40000000000000787371007E001A3F400000000000007708000000100000000078740014687474703A2F2F7777772E62616964752E636F6D707371007E0022770C000000103F40000000000001740003617069787371007E0022770C000000103F4000000000000171007E001D787372004F6F72672E737072696E676672616D65776F726B2E73656375726974792E61757468656E7469636174696F6E2E557365726E616D6550617373776F726441757468656E7469636174696F6E546F6B656E00000000000002120200024C000B63726564656E7469616C7371007E00054C00097072696E636970616C71007E00057871007E0003017371007E00077371007E000B0000000177040000000171007E000F7871007E002E737200486F72672E737072696E676672616D65776F726B2E73656375726974792E7765622E61757468656E7469636174696F6E2E57656241757468656E7469636174696F6E44657461696C7300000000000002120200024C000D72656D6F74654164647265737371007E000E4C000973657373696F6E496471007E000E787074000F303A303A303A303A303A303A303A31740020313139334242353139453041384336313444423033333530363442413335464270737200326F72672E737072696E676672616D65776F726B2E73656375726974792E636F72652E7573657264657461696C732E5573657200000000000002120200075A00116163636F756E744E6F6E457870697265645A00106163636F756E744E6F6E4C6F636B65645A001563726564656E7469616C734E6F6E457870697265645A0007656E61626C65644C000B617574686F72697469657371007E00144C000870617373776F726471007E000E4C0008757365726E616D6571007E000E7870010101017371007E001F737200116A6176612E7574696C2E54726565536574DD98509395ED875B0300007870737200466F72672E737072696E676672616D65776F726B2E73656375726974792E636F72652E7573657264657461696C732E5573657224417574686F72697479436F6D70617261746F720000000000000212020000787077040000000171007E000F787074000561646D696E);
COMMIT;

-- ----------------------------
-- Table structure for upms_administrator
-- ----------------------------
DROP TABLE IF EXISTS `upms_administrator`;
CREATE TABLE `upms_administrator` (
  `id` bigint NOT NULL AUTO_INCREMENT COMMENT '主键',
  `username` varchar(60) CHARACTER SET utf8mb4 COLLATE utf8mb4_general_ci NOT NULL DEFAULT '' COMMENT '登录名',
  `password` varchar(255) CHARACTER SET utf8mb4 COLLATE utf8mb4_general_ci NOT NULL DEFAULT '' COMMENT '密码',
  `nickname` varchar(50) CHARACTER SET utf8mb4 COLLATE utf8mb4_general_ci NOT NULL DEFAULT '' COMMENT '昵称',
  `email` varchar(255) CHARACTER SET utf8mb4 COLLATE utf8mb4_general_ci NOT NULL DEFAULT '' COMMENT '邮箱',
  `url` varchar(255) CHARACTER SET utf8mb4 COLLATE utf8mb4_general_ci NOT NULL DEFAULT '' COMMENT '网址',
  `status` tinyint unsigned NOT NULL DEFAULT '0' COMMENT '用户状态：1（已删除）0（已启用）',
  `is_deleted` tinyint unsigned NOT NULL DEFAULT '0' COMMENT '逻辑删除：1（已删除）0（未删除）',
  `create_time` datetime NOT NULL COMMENT '创建时间',
  `update_time` datetime NOT NULL COMMENT '修改时间',
  PRIMARY KEY (`id`),
  UNIQUE KEY `uk_username` (`username`),
  UNIQUE KEY `uk_nickname` (`nickname`),
  UNIQUE KEY `uk_email` (`email`)
) ENGINE=InnoDB AUTO_INCREMENT=1315993470260342787 DEFAULT CHARSET=utf8 COMMENT='用户表';

-- ----------------------------
-- Records of upms_administrator
-- ----------------------------
BEGIN;
INSERT INTO `upms_administrator` VALUES (1, 'admin', '$2a$10$bGJi4CPL4zbR1jyPu7JXQeyCVbXPcDN.q/rsWY3iVfDCHee1DUwNC', '超级管理员', '123@qq.com', '', 1, 0, '2020-09-26 09:44:05', '2020-09-26 09:44:08');
INSERT INTO `upms_administrator` VALUES (1314640913008963586, 'test', '$2a$10$B6qAdHvXAjgFUWg2ZqSF2eqkM2Pacyql2HFQMTxE3cKXeq3R3cYXG', 'test', '123test@com', '', 1, 0, '2020-10-09 18:56:33', '2020-10-11 03:47:03');
INSERT INTO `upms_administrator` VALUES (1314641182857900034, 'test1', '$2a$10$VvWzbWibXnPcZ.Ss2Sih3ObfKxt/qv4TxctAXbYoApGhDn4JXaoOK', 'test1', 'test1@qq.com', '', 1, 0, '2020-10-09 18:57:38', '2020-10-11 09:33:13');
INSERT INTO `upms_administrator` VALUES (1314641631283523586, '12sfdsf', '$2a$10$uEPIoOgGRtB1IGK2SfphHeEF.1EWmjwB2Y8CKRDtz0Uzd1f8ILeqm', '123213', 'sfdsf@12321.com', '', 1, 0, '2020-10-09 18:59:24', '2020-10-09 18:59:24');
INSERT INTO `upms_administrator` VALUES (1314817019540496386, 'ssss', '$2a$10$UAeX5YTphlH8g4MZe5XyKeqJwEYpd5/WEKaZoogzG7j10VhXhEMpS', 'ssss', '12321@qq.com', '', 1, 0, '2020-10-10 06:36:20', '2020-10-10 06:36:20');
INSERT INTO `upms_administrator` VALUES (1314822379177336833, 'kjsadklf', '$2a$10$haIoZIX3o9c8hDdZr7njEuppvtfDqlyAnfBLs7GCKU6MoI8q9ACKy', 'kdsjalkfjd', 'jklj@qq.com', '', 1, 0, '2020-10-10 06:57:38', '2020-10-10 06:57:38');
INSERT INTO `upms_administrator` VALUES (1314824487704289281, 'dsadfsa', '$2a$10$4.CcKvO8tcY1ty.iK90MKukA4iP/KjVV/PA3M0G4s50cbh0/f3MFm', 'dafdasda', 'daas@qq.com', '', 1, 0, '2020-10-10 07:06:01', '2020-10-10 07:06:01');
INSERT INTO `upms_administrator` VALUES (1314825588063166465, 'zhansan', '$2a$10$3uTqQ6siLpCXRoTX6exnfuDoe/iI1M4ywp5j0sfcSDiU/Vdlnorqu', '哈哈', '123212211@qq.com', '', 1, 0, '2020-10-10 07:10:23', '2020-10-10 07:10:23');
INSERT INTO `upms_administrator` VALUES (1314825873917566978, 'lisi', '$2a$10$jIIqTZpr.zSdq2hs4mlwQeS7leHvi8gKq67jmx8gvOzKnmXZZShDi', '李四', 'lisi@qq.com', '', 1, 0, '2020-10-10 07:11:31', '2020-10-10 07:11:31');
INSERT INTO `upms_administrator` VALUES (1314826429553795074, 'sadsad123', '$2a$10$DWv5GlXKK6q.Rg484v/oH.6OgK7BLA6GG5j2S6t7gRYZYGzB2520W', 'asaadada', 'sadsa@qq.com', '', 1, 0, '2020-10-10 07:13:44', '2020-10-10 07:13:44');
INSERT INTO `upms_administrator` VALUES (1315224011249618946, 'test2', '$2a$10$mX19R5WY74P/HFXIg6ZL.e9pWoFnFF9a1r2I608Sccpxxy8t/8.c.', 'test2', 'test2@qq.com', '', 1, 0, '2020-10-11 09:33:35', '2020-10-11 09:33:35');
INSERT INTO `upms_administrator` VALUES (1315602870042185730, 'zhangsan', '$2a$10$tPGHqTrEsszSVpbhsc4jIevb3Db800UJaHGAkS1/cVk8q8CUuxFpq', '张三', 'zhansan@qq.com', '', 1, 0, '2020-10-12 10:39:02', '2020-10-12 10:39:02');
INSERT INTO `upms_administrator` VALUES (1315993470260342786, 'test666', '$2a$10$y2ZokXm4kvADu6A3dvgfOurjdGlSlz0Zy8N7.XJesUE6Eo3fDl8RK', 'test666', 'test666123@qq.com', '', 1, 0, '2020-10-13 12:31:08', '2020-10-13 12:31:08');
COMMIT;

-- ----------------------------
-- Table structure for upms_administrator_role_relation
-- ----------------------------
DROP TABLE IF EXISTS `upms_administrator_role_relation`;
CREATE TABLE `upms_administrator_role_relation` (
  `id` bigint NOT NULL AUTO_INCREMENT,
  `user_id` bigint NOT NULL COMMENT '用户 ID',
  `role_id` bigint NOT NULL COMMENT '角色 ID',
  PRIMARY KEY (`id`)
) ENGINE=InnoDB AUTO_INCREMENT=1316005388668760067 DEFAULT CHARSET=utf8 COMMENT='用户角色表';

-- ----------------------------
-- Records of upms_administrator_role_relation
-- ----------------------------
BEGIN;
INSERT INTO `upms_administrator_role_relation` VALUES (1, 1, 1);
INSERT INTO `upms_administrator_role_relation` VALUES (1315223785948385281, 1314641182857900034, 1);
INSERT INTO `upms_administrator_role_relation` VALUES (1315602965865254914, 1315602870042185730, 1315460086064803841);
INSERT INTO `upms_administrator_role_relation` VALUES (1316005388668760066, 1314640913008963586, 1315460086064803841);
COMMIT;

-- ----------------------------
-- Table structure for upms_menu
-- ----------------------------
DROP TABLE IF EXISTS `upms_menu`;
CREATE TABLE `upms_menu` (
  `id` bigint NOT NULL AUTO_INCREMENT,
  `parent_id` bigint DEFAULT NULL COMMENT '父级ID',
  `create_time` datetime DEFAULT NULL COMMENT '创建时间',
  `title` varchar(100) DEFAULT NULL COMMENT '菜单名称',
  `level` int DEFAULT NULL COMMENT '菜单级数',
  `sort` int DEFAULT NULL COMMENT '菜单排序',
  `name` varchar(100) DEFAULT NULL COMMENT '前端名称',
  `icon` varchar(200) DEFAULT NULL COMMENT '前端图标',
  `hidden` int DEFAULT NULL COMMENT '前端隐藏',
  PRIMARY KEY (`id`)
) ENGINE=InnoDB AUTO_INCREMENT=26 DEFAULT CHARSET=utf8 COMMENT='后台菜单表';

-- ----------------------------
-- Records of upms_menu
-- ----------------------------
BEGIN;
INSERT INTO `upms_menu` VALUES (21, 0, '2020-02-07 16:29:13', '权限', 0, 0, 'upms', 'upms', 0);
INSERT INTO `upms_menu` VALUES (22, 21, '2020-02-07 16:29:51', '用户列表', 1, 0, 'user', 'upms-admin', 0);
INSERT INTO `upms_menu` VALUES (23, 21, '2020-02-07 16:30:13', '角色列表', 1, 0, 'role', 'upms-role', 0);
INSERT INTO `upms_menu` VALUES (24, 21, '2020-02-07 16:30:53', '菜单列表', 1, 0, 'menu', 'upms-menu', 0);
INSERT INTO `upms_menu` VALUES (25, 21, '2020-02-07 16:31:13', '资源列表', 1, 0, 'resource', 'upms-resource', 0);
COMMIT;

-- ----------------------------
-- Table structure for upms_permission
-- ----------------------------
DROP TABLE IF EXISTS `upms_permission`;
CREATE TABLE `upms_permission` (
  `id` bigint NOT NULL AUTO_INCREMENT,
  `pid` bigint DEFAULT NULL COMMENT '父级权限id',
  `name` varchar(100) DEFAULT NULL COMMENT '名称',
  `value` varchar(200) DEFAULT NULL COMMENT '权限值',
  `icon` varchar(500) DEFAULT NULL COMMENT '图标',
  `type` int DEFAULT NULL COMMENT '权限类型：0->目录；1->菜单；2->按钮（接口绑定权限）',
  `uri` varchar(200) DEFAULT NULL COMMENT '前端资源路径',
  `status` int DEFAULT NULL COMMENT '启用状态；0->禁用；1->启用',
  `create_time` datetime DEFAULT NULL COMMENT '创建时间',
  `sort` int DEFAULT NULL COMMENT '排序',
  PRIMARY KEY (`id`)
) ENGINE=InnoDB AUTO_INCREMENT=19 DEFAULT CHARSET=utf8 COMMENT='后台用户权限表';

-- ----------------------------
-- Records of upms_permission
-- ----------------------------
BEGIN;
INSERT INTO `upms_permission` VALUES (1, 0, '首页', 'read', NULL, 0, '', 1, '2020-09-26 09:53:01', 0);
COMMIT;

-- ----------------------------
-- Table structure for upms_resource
-- ----------------------------
DROP TABLE IF EXISTS `upms_resource`;
CREATE TABLE `upms_resource` (
  `id` bigint NOT NULL AUTO_INCREMENT,
  `create_time` datetime DEFAULT NULL COMMENT '创建时间',
  `name` varchar(200) DEFAULT NULL COMMENT '资源名称',
  `url` varchar(200) DEFAULT NULL COMMENT '资源URL',
  `description` varchar(500) DEFAULT NULL COMMENT '描述',
  PRIMARY KEY (`id`)
) ENGINE=InnoDB AUTO_INCREMENT=33 DEFAULT CHARSET=utf8 COMMENT='后台资源表';

-- ----------------------------
-- Records of upms_resource
-- ----------------------------
BEGIN;
INSERT INTO `upms_resource` VALUES (25, '2020-02-07 16:47:34', '后台用户管理', '/admin/**', '');
INSERT INTO `upms_resource` VALUES (26, '2020-02-07 16:48:24', '后台用户角色管理', '/role/**', '');
INSERT INTO `upms_resource` VALUES (27, '2020-02-07 16:48:48', '后台菜单管理', '/menu/**', '');
INSERT INTO `upms_resource` VALUES (28, '2020-02-07 16:49:18', '后台资源分类管理', '/resourceCategory/**', '');
INSERT INTO `upms_resource` VALUES (29, '2020-02-07 16:49:45', '后台资源管理', '/resource/**', '');
INSERT INTO `upms_resource` VALUES (31, '2020-08-24 13:43:54', '登录后获取用户信息', '/admin/info', '后台用户登录需要配置');
INSERT INTO `upms_resource` VALUES (32, '2020-08-24 13:44:37', '后台用户登出', '/admin/logout', '后台用户登出需要配置');
COMMIT;

-- ----------------------------
-- Table structure for upms_resource_category
-- ----------------------------
DROP TABLE IF EXISTS `upms_resource_category`;
CREATE TABLE `upms_resource_category` (
  `id` bigint NOT NULL AUTO_INCREMENT,
  `create_time` datetime DEFAULT NULL COMMENT '创建时间',
  `name` varchar(200) DEFAULT NULL COMMENT '分类名称',
  `sort` int DEFAULT NULL COMMENT '排序',
  PRIMARY KEY (`id`)
) ENGINE=InnoDB AUTO_INCREMENT=8 DEFAULT CHARSET=utf8 COMMENT='资源分类表';

-- ----------------------------
-- Records of upms_resource_category
-- ----------------------------
BEGIN;
INSERT INTO `upms_resource_category` VALUES (4, '2020-02-05 10:23:04', '权限模块', 0);
INSERT INTO `upms_resource_category` VALUES (6, '2020-02-07 16:35:49', '其他模块', 0);
COMMIT;

-- ----------------------------
-- Table structure for upms_role
-- ----------------------------
DROP TABLE IF EXISTS `upms_role`;
CREATE TABLE `upms_role` (
  `id` bigint NOT NULL AUTO_INCREMENT,
  `name` varchar(100) DEFAULT NULL COMMENT '名称',
  `description` varchar(500) DEFAULT NULL COMMENT '描述',
  `admin_count` int DEFAULT NULL COMMENT '后台用户数量',
  `create_time` datetime DEFAULT NULL COMMENT '创建时间',
  `status` int DEFAULT '1' COMMENT '启用状态：0->禁用；1->启用',
  `sort` int DEFAULT '0',
  PRIMARY KEY (`id`)
) ENGINE=InnoDB AUTO_INCREMENT=1315595804632203267 DEFAULT CHARSET=utf8 COMMENT='后台用户角色表';

-- ----------------------------
-- Records of upms_role
-- ----------------------------
BEGIN;
INSERT INTO `upms_role` VALUES (1, '超级管理员', '拥有所有查看和操作功能', 0, '2020-09-26 09:45:47', 1, 0);
INSERT INTO `upms_role` VALUES (1315460086064803841, '管理员', '管理员', 0, '2020-10-12 09:12:03', 1, 0);
INSERT INTO `upms_role` VALUES (1315595804632203266, '菜单管理员', '菜单管理员', 0, NULL, 1, 0);
COMMIT;

-- ----------------------------
-- Table structure for upms_role_menu_relation
-- ----------------------------
DROP TABLE IF EXISTS `upms_role_menu_relation`;
CREATE TABLE `upms_role_menu_relation` (
  `id` bigint NOT NULL AUTO_INCREMENT,
  `role_id` bigint DEFAULT NULL COMMENT '角色ID',
  `menu_id` bigint DEFAULT NULL COMMENT '菜单ID',
  PRIMARY KEY (`id`)
) ENGINE=InnoDB AUTO_INCREMENT=1315580854538956803 DEFAULT CHARSET=utf8 COMMENT='后台角色菜单关系表';

-- ----------------------------
-- Records of upms_role_menu_relation
-- ----------------------------
BEGIN;
INSERT INTO `upms_role_menu_relation` VALUES (1, 1, 21);
INSERT INTO `upms_role_menu_relation` VALUES (2, 1, 22);
INSERT INTO `upms_role_menu_relation` VALUES (3, 1, 23);
INSERT INTO `upms_role_menu_relation` VALUES (4, 1, 24);
INSERT INTO `upms_role_menu_relation` VALUES (5, 1, 25);
INSERT INTO `upms_role_menu_relation` VALUES (1315580854333435906, 1315460086064803841, 22);
INSERT INTO `upms_role_menu_relation` VALUES (1315580854538956802, 1315460086064803841, 21);
COMMIT;

-- ----------------------------
-- Table structure for upms_role_permission_relation
-- ----------------------------
DROP TABLE IF EXISTS `upms_role_permission_relation`;
CREATE TABLE `upms_role_permission_relation` (
  `id` bigint NOT NULL AUTO_INCREMENT,
  `role_id` bigint NOT NULL COMMENT '角色 ID',
  `permission_id` bigint NOT NULL COMMENT '权限 ID',
  PRIMARY KEY (`id`)
) ENGINE=InnoDB AUTO_INCREMENT=43 DEFAULT CHARSET=utf8 COMMENT='角色权限表';

-- ----------------------------
-- Records of upms_role_permission_relation
-- ----------------------------
BEGIN;
INSERT INTO `upms_role_permission_relation` VALUES (1, 1, 1);
INSERT INTO `upms_role_permission_relation` VALUES (2, 1315460086064803841, 1);
COMMIT;

-- ----------------------------
-- Table structure for upms_role_resource_category_relation
-- ----------------------------
DROP TABLE IF EXISTS `upms_role_resource_category_relation`;
CREATE TABLE `upms_role_resource_category_relation` (
  `id` bigint NOT NULL AUTO_INCREMENT,
  `role_id` bigint DEFAULT NULL COMMENT '角色ID',
  `resource_category_id` bigint DEFAULT NULL COMMENT '资源ID',
  PRIMARY KEY (`id`)
) ENGINE=InnoDB AUTO_INCREMENT=225 DEFAULT CHARSET=utf8 COMMENT='后台角色资源关系表';

-- ----------------------------
-- Records of upms_role_resource_category_relation
-- ----------------------------
BEGIN;
INSERT INTO `upms_role_resource_category_relation` VALUES (1, 1, 4);
INSERT INTO `upms_role_resource_category_relation` VALUES (2, 1, 6);
COMMIT;

-- ----------------------------
-- Table structure for upms_role_resource_category_resource_relation
-- ----------------------------
DROP TABLE IF EXISTS `upms_role_resource_category_resource_relation`;
CREATE TABLE `upms_role_resource_category_resource_relation` (
  `id` bigint NOT NULL AUTO_INCREMENT,
  `role_id` bigint DEFAULT NULL COMMENT '角色ID',
  `resource_category_id` bigint DEFAULT NULL COMMENT '资源分类ID',
  `resource_id` bigint DEFAULT NULL COMMENT '资源ID',
  PRIMARY KEY (`id`)
) ENGINE=InnoDB AUTO_INCREMENT=225 DEFAULT CHARSET=utf8 COMMENT='后台角色资源分类资源关系表';

-- ----------------------------
-- Records of upms_role_resource_category_resource_relation
-- ----------------------------
BEGIN;
INSERT INTO `upms_role_resource_category_resource_relation` VALUES (201, 1, 4, 25);
INSERT INTO `upms_role_resource_category_resource_relation` VALUES (202, 1, 4, 26);
INSERT INTO `upms_role_resource_category_resource_relation` VALUES (203, 1, 4, 27);
INSERT INTO `upms_role_resource_category_resource_relation` VALUES (204, 1, 4, 28);
INSERT INTO `upms_role_resource_category_resource_relation` VALUES (205, 1, 4, 29);
INSERT INTO `upms_role_resource_category_resource_relation` VALUES (206, 1, 4, 31);
INSERT INTO `upms_role_resource_category_resource_relation` VALUES (207, 1, 4, 32);
COMMIT;

SET FOREIGN_KEY_CHECKS = 1;
